report_date,product_code,product_scale_bn,scale_evidence_id
2025-01-31,WP0001,7.7418,ev_scale_WP0001_20250131
2025-02-07,WP0001,7.8525,ev_scale_WP0001_20250207
2025-02-14,WP0001,7.7812,ev_scale_WP0001_20250214
2025-02-21,WP0001,7.7287,ev_scale_WP0001_20250221
2025-02-28,WP0001,7.559,ev_scale_WP0001_20250228
2025-03-07,WP0001,7.669,ev_scale_WP0001_20250307
2025-03-14,WP0001,7.484,ev_scale_WP0001_20250314
2025-03-21,WP0001,7.4943,ev_scale_WP0001_20250321
2025-03-28,WP0001,7.472,ev_scale_WP0001_20250328
2025-04-04,WP0001,7.5527,ev_scale_WP0001_20250404
2025-01-31,WP0002,3.7946,ev_scale_WP0002_20250131
2025-02-07,WP0002,3.7495,ev_scale_WP0002_20250207
2025-02-14,WP0002,3.8268,ev_scale_WP0002_20250214
2025-02-21,WP0002,4.0549,ev_scale_WP0002_20250221
2025-02-28,WP0002,4.0946,ev_scale_WP0002_20250228
2025-03-07,WP0002,4.1658,ev_scale_WP0002_20250307
2025-03-14,WP0002,4.3866,ev_scale_WP0002_20250314
2025-03-21,WP0002,4.3576,ev_scale_WP0002_20250321
2025-03-28,WP0002,4.4337,ev_scale_WP0002_20250328
2025-04-04,WP0002,4.5393,ev_scale_WP0002_20250404
2025-01-31,WP0003,17.547,ev_scale_WP0003_20250131
2025-02-07,WP0003,17.6232,ev_scale_WP0003_20250207
2025-02-14,WP0003,17.5861,ev_scale_WP0003_20250214
2025-02-21,WP0003,17.4282,ev_scale_WP0003_20250221
2025-02-28,WP0003,17.3047,ev_scale_WP0003_20250228
2025-03-07,WP0003,17.2752,ev_scale_WP0003_20250307
2025-03-14,WP0003,17.321,ev_scale_WP0003_20250314
2025-03-21,WP0003,17.472,ev_scale_WP0003_20250321
2025-03-28,WP0003,17.5232,ev_scale_WP0003_20250328
2025-04-04,WP0003,17.4762,ev_scale_WP0003_20250404
2025-01-31,WP0004,17.1296,ev_scale_WP0004_20250131
2025-02-07,WP0004,17.0201,ev_scale_WP0004_20250207
2025-02-14,WP0004,17.1587,ev_scale_WP0004_20250214
2025-02-21,WP0004,17.3958,ev_scale_WP0004_20250221
2025-02-28,WP0004,17.3182,ev_scale_WP0004_20250228
2025-03-07,WP0004,17.19,ev_scale_WP0004_20250307
2025-03-14,WP0004,17.1921,ev_scale_WP0004_20250314
2025-03-21,WP0004,17.1904,ev_scale_WP0004_20250321
2025-03-28,WP0004,17.1252,ev_scale_WP0004_20250328
2025-04-04,WP0004,17.2098,ev_scale_WP0004_20250404
2025-01-31,WP0005,16.2919,ev_scale_WP0005_20250131
2025-02-07,WP0005,16.0312,ev_scale_WP0005_20250207
2025-02-14,WP0005,16.0483,ev_scale_WP0005_20250214
2025-02-21,WP0005,15.9896,ev_scale_WP0005_20250221
2025-02-28,WP0005,16.0131,ev_scale_WP0005_20250228
2025-03-07,WP0005,16.1566,ev_scale_WP0005_20250307
2025-03-14,WP0005,16.1038,ev_scale_WP0005_20250314
2025-03-21,WP0005,16.1159,ev_scale_WP0005_20250321
2025-03-28,WP0005,16.0887,ev_scale_WP0005_20250328
2025-04-04,WP0005,16.2364,ev_scale_WP0005_20250404
2025-01-31,WP0006,33.1287,ev_scale_WP0006_20250131
2025-02-07,WP0006,33.136,ev_scale_WP0006_20250207
2025-02-14,WP0006,33.346,ev_scale_WP0006_20250214
2025-02-21,WP0006,33.6016,ev_scale_WP0006_20250221
2025-02-28,WP0006,33.5043,ev_scale_WP0006_20250228
2025-03-07,WP0006,33.5626,ev_scale_WP0006_20250307
2025-03-14,WP0006,33.4119,ev_scale_WP0006_20250314
2025-03-21,WP0006,33.4604,ev_scale_WP0006_20250321
2025-03-28,WP0006,33.3598,ev_scale_WP0006_20250328
2025-04-04,WP0006,33.4562,ev_scale_WP0006_20250404
2025-01-31,WP0007,21.8393,ev_scale_WP0007_20250131
2025-02-07,WP0007,22.076,ev_scale_WP0007_20250207
2025-02-14,WP0007,22.2895,ev_scale_WP0007_20250214
2025-02-21,WP0007,22.3351,ev_scale_WP0007_20250221
2025-02-28,WP0007,22.1074,ev_scale_WP0007_20250228
2025-03-07,WP0007,22.2603,ev_scale_WP0007_20250307
2025-03-14,WP0007,22.1144,ev_scale_WP0007_20250314
2025-03-21,WP0007,22.2413,ev_scale_WP0007_20250321
2025-03-28,WP0007,22.4123,ev_scale_WP0007_20250328
2025-04-04,WP0007,22.328,ev_scale_WP0007_20250404
2025-01-31,WP0008,11.3573,ev_scale_WP0008_20250131
2025-02-07,WP0008,11.3369,ev_scale_WP0008_20250207
2025-02-14,WP0008,11.1663,ev_scale_WP0008_20250214
2025-02-21,WP0008,10.9993,ev_scale_WP0008_20250221
2025-02-28,WP0008,10.9728,ev_scale_WP0008_20250228
2025-03-07,WP0008,11.1164,ev_scale_WP0008_20250307
2025-03-14,WP0008,11.2738,ev_scale_WP0008_20250314
2025-03-21,WP0008,11.0579,ev_scale_WP0008_20250321
2025-03-28,WP0008,11.3187,ev_scale_WP0008_20250328
2025-04-04,WP0008,11.4943,ev_scale_WP0008_20250404
2025-01-31,WP0009,16.1604,ev_scale_WP0009_20250131
2025-02-07,WP0009,16.2475,ev_scale_WP0009_20250207
2025-02-14,WP0009,16.1657,ev_scale_WP0009_20250214
2025-02-21,WP0009,16.1841,ev_scale_WP0009_20250221
2025-02-28,WP0009,16.4231,ev_scale_WP0009_20250228
2025-03-07,WP0009,16.48,ev_scale_WP0009_20250307
2025-03-14,WP0009,16.3661,ev_scale_WP0009_20250314
2025-03-21,WP0009,16.3125,ev_scale_WP0009_20250321
2025-03-28,WP0009,16.1849,ev_scale_WP0009_20250328
2025-04-04,WP0009,16.2019,ev_scale_WP0009_20250404
2025-01-31,WP0010,25.8283,ev_scale_WP0010_20250131
2025-02-07,WP0010,25.7418,ev_scale_WP0010_20250207
2025-02-14,WP0010,25.8572,ev_scale_WP0010_20250214
2025-02-21,WP0010,25.7658,ev_scale_WP0010_20250221
2025-02-28,WP0010,25.8229,ev_scale_WP0010_20250228
2025-03-07,WP0010,25.9184,ev_scale_WP0010_20250307
2025-03-14,WP0010,25.8802,ev_scale_WP0010_20250314
2025-03-21,WP0010,25.9982,ev_scale_WP0010_20250321
2025-03-28,WP0010,25.9591,ev_scale_WP0010_20250328
2025-04-04,WP0010,26.0132,ev_scale_WP0010_20250404
2025-01-31,WP0011,21.4558,ev_scale_WP0011_20250131
2025-02-07,WP0011,21.4262,ev_scale_WP0011_20250207
2025-02-14,WP0011,21.3614,ev_scale_WP0011_20250214
2025-02-21,WP0011,21.3851,ev_scale_WP0011_20250221
2025-02-28,WP0011,21.282,ev_scale_WP0011_20250228
2025-03-07,WP0011,21.3835,ev_scale_WP0011_20250307
2025-03-14,WP0011,21.4364,ev_scale_WP0011_20250314
2025-03-21,WP0011,21.362,ev_scale_WP0011_20250321
2025-03-28,WP0011,21.2949,ev_scale_WP0011_20250328
2025-04-04,WP0011,21.2067,ev_scale_WP0011_20250404
2025-01-31,WP0012,0.8988,ev_scale_WP0012_20250131
2025-02-07,WP0012,0.9718,ev_scale_WP0012_20250207
2025-02-14,WP0012,1.1372,ev_scale_WP0012_20250214
2025-02-21,WP0012,1.1887,ev_scale_WP0012_20250221
2025-02-28,WP0012,1.177,ev_scale_WP0012_20250228
2025-03-07,WP0012,1.011,ev_scale_WP0012_20250307
2025-03-14,WP0012,1.0092,ev_scale_WP0012_20250314
2025-03-21,WP0012,0.8126,ev_scale_WP0012_20250321
2025-03-28,WP0012,0.7712,ev_scale_WP0012_20250328
2025-04-04,WP0012,0.6981,ev_scale_WP0012_20250404
2025-01-31,WP0013,6.6202,ev_scale_WP0013_20250131
2025-02-07,WP0013,6.8574,ev_scale_WP0013_20250207
2025-02-14,WP0013,6.8305,ev_scale_WP0013_20250214
2025-02-21,WP0013,6.8156,ev_scale_WP0013_20250221
2025-02-28,WP0013,6.827,ev_scale_WP0013_20250228
2025-03-07,WP0013,6.6208,ev_scale_WP0013_20250307
2025-03-14,WP0013,6.6575,ev_scale_WP0013_20250314
2025-03-21,WP0013,6.8169,ev_scale_WP0013_20250321
2025-03-28,WP0013,6.8333,ev_scale_WP0013_20250328
2025-04-04,WP0013,6.8477,ev_scale_WP0013_20250404
2025-01-31,WP0014,12.2003,ev_scale_WP0014_20250131
2025-02-07,WP0014,12.1903,ev_scale_WP0014_20250207
2025-02-14,WP0014,12.2889,ev_scale_WP0014_20250214
2025-02-21,WP0014,12.4555,ev_scale_WP0014_20250221
2025-02-28,WP0014,12.5648,ev_scale_WP0014_20250228
2025-03-07,WP0014,12.5036,ev_scale_WP0014_20250307
2025-03-14,WP0014,12.5978,ev_scale_WP0014_20250314
2025-03-21,WP0014,12.5652,ev_scale_WP0014_20250321
2025-03-28,WP0014,12.7146,ev_scale_WP0014_20250328
2025-04-04,WP0014,12.6482,ev_scale_WP0014_20250404
2025-01-31,WP0015,32.3022,ev_scale_WP0015_20250131
2025-02-07,WP0015,32.3448,ev_scale_WP0015_20250207
2025-02-14,WP0015,32.3673,ev_scale_WP0015_20250214
2025-02-21,WP0015,32.4611,ev_scale_WP0015_20250221
2025-02-28,WP0015,32.5398,ev_scale_WP0015_20250228
2025-03-07,WP0015,32.5985,ev_scale_WP0015_20250307
2025-03-14,WP0015,32.5549,ev_scale_WP0015_20250314
2025-03-21,WP0015,32.5596,ev_scale_WP0015_20250321
2025-03-28,WP0015,32.6823,ev_scale_WP0015_20250328
2025-04-04,WP0015,32.6753,ev_scale_WP0015_20250404
2025-01-31,WP0016,9.5305,ev_scale_WP0016_20250131
2025-02-07,WP0016,9.7313,ev_scale_WP0016_20250207
2025-02-14,WP0016,9.8465,ev_scale_WP0016_20250214
2025-02-21,WP0016,9.8743,ev_scale_WP0016_20250221
2025-02-28,WP0016,9.7708,ev_scale_WP0016_20250228
2025-03-07,WP0016,9.7177,ev_scale_WP0016_20250307
2025-03-14,WP0016,9.5981,ev_scale_WP0016_20250314
2025-03-21,WP0016,9.6569,ev_scale_WP0016_20250321
2025-03-28,WP0016,9.7805,ev_scale_WP0016_20250328
2025-04-04,WP0016,9.7596,ev_scale_WP0016_20250404
2025-01-31,WP0017,6.259,ev_scale_WP0017_20250131
2025-02-07,WP0017,6.2055,ev_scale_WP0017_20250207
2025-02-14,WP0017,6.1854,ev_scale_WP0017_20250214
2025-02-21,WP0017,6.3058,ev_scale_WP0017_20250221
2025-02-28,WP0017,6.1289,ev_scale_WP0017_20250228
2025-03-07,WP0017,6.1392,ev_scale_WP0017_20250307
2025-03-14,WP0017,6.2435,ev_scale_WP0017_20250314
2025-03-21,WP0017,6.1082,ev_scale_WP0017_20250321
2025-03-28,WP0017,5.9943,ev_scale_WP0017_20250328
2025-04-04,WP0017,6.0299,ev_scale_WP0017_20250404
2025-01-31,WP0018,5.4888,ev_scale_WP0018_20250131
2025-02-07,WP0018,5.2023,ev_scale_WP0018_20250207
2025-02-14,WP0018,4.9287,ev_scale_WP0018_20250214
2025-02-21,WP0018,4.8598,ev_scale_WP0018_20250221
2025-02-28,WP0018,4.8225,ev_scale_WP0018_20250228
2025-03-07,WP0018,4.7714,ev_scale_WP0018_20250307
2025-03-14,WP0018,4.7064,ev_scale_WP0018_20250314
2025-03-21,WP0018,4.6835,ev_scale_WP0018_20250321
2025-03-28,WP0018,4.9272,ev_scale_WP0018_20250328
2025-04-04,WP0018,4.6936,ev_scale_WP0018_20250404
2025-01-31,WP0019,31.5687,ev_scale_WP0019_20250131
2025-02-07,WP0019,31.6602,ev_scale_WP0019_20250207
2025-02-14,WP0019,31.6968,ev_scale_WP0019_20250214
2025-02-21,WP0019,31.9486,ev_scale_WP0019_20250221
2025-02-28,WP0019,31.7773,ev_scale_WP0019_20250228
2025-03-07,WP0019,31.8031,ev_scale_WP0019_20250307
2025-03-14,WP0019,31.9013,ev_scale_WP0019_20250314
2025-03-21,WP0019,32.0381,ev_scale_WP0019_20250321
2025-03-28,WP0019,32.0949,ev_scale_WP0019_20250328
2025-04-04,WP0019,32.1713,ev_scale_WP0019_20250404
2025-01-31,WP0020,19.066,ev_scale_WP0020_20250131
2025-02-07,WP0020,19.1973,ev_scale_WP0020_20250207
2025-02-14,WP0020,19.1554,ev_scale_WP0020_20250214
2025-02-21,WP0020,19.2825,ev_scale_WP0020_20250221
2025-02-28,WP0020,19.2484,ev_scale_WP0020_20250228
2025-03-07,WP0020,19.0399,ev_scale_WP0020_20250307
2025-03-14,WP0020,18.9989,ev_scale_WP0020_20250314
2025-03-21,WP0020,18.9052,ev_scale_WP0020_20250321
2025-03-28,WP0020,18.9735,ev_scale_WP0020_20250328
2025-04-04,WP0020,18.9893,ev_scale_WP0020_20250404
2025-01-31,WP0021,11.802,ev_scale_WP0021_20250131
2025-02-07,WP0021,11.856,ev_scale_WP0021_20250207
2025-02-14,WP0021,11.8535,ev_scale_WP0021_20250214
2025-02-21,WP0021,11.8461,ev_scale_WP0021_20250221
2025-02-28,WP0021,11.9851,ev_scale_WP0021_20250228
2025-03-07,WP0021,11.9641,ev_scale_WP0021_20250307
2025-03-14,WP0021,12.0473,ev_scale_WP0021_20250314
2025-03-21,WP0021,11.9581,ev_scale_WP0021_20250321
2025-03-28,WP0021,12.0683,ev_scale_WP0021_20250328
2025-04-04,WP0021,12.0839,ev_scale_WP0021_20250404
2025-01-31,WP0022,1.5637,ev_scale_WP0022_20250131
2025-02-07,WP0022,1.5186,ev_scale_WP0022_20250207
2025-02-14,WP0022,1.7126,ev_scale_WP0022_20250214
2025-02-21,WP0022,1.7809,ev_scale_WP0022_20250221
2025-02-28,WP0022,1.8575,ev_scale_WP0022_20250228
2025-03-07,WP0022,1.9259,ev_scale_WP0022_20250307
2025-03-14,WP0022,1.8299,ev_scale_WP0022_20250314
2025-03-21,WP0022,1.6182,ev_scale_WP0022_20250321
2025-03-28,WP0022,1.5722,ev_scale_WP0022_20250328
2025-04-04,WP0022,1.6537,ev_scale_WP0022_20250404
2025-01-31,WP0023,7.3519,ev_scale_WP0023_20250131
2025-02-07,WP0023,7.3537,ev_scale_WP0023_20250207
2025-02-14,WP0023,7.4214,ev_scale_WP0023_20250214
2025-02-21,WP0023,7.4266,ev_scale_WP0023_20250221
2025-02-28,WP0023,7.3351,ev_scale_WP0023_20250228
2025-03-07,WP0023,7.4008,ev_scale_WP0023_20250307
2025-03-14,WP0023,7.3704,ev_scale_WP0023_20250314
2025-03-21,WP0023,7.3952,ev_scale_WP0023_20250321
2025-03-28,WP0023,7.2634,ev_scale_WP0023_20250328
2025-04-04,WP0023,7.2885,ev_scale_WP0023_20250404
2025-01-31,WP0024,18.4753,ev_scale_WP0024_20250131
2025-02-07,WP0024,18.4165,ev_scale_WP0024_20250207
2025-02-14,WP0024,18.4231,ev_scale_WP0024_20250214
2025-02-21,WP0024,18.3784,ev_scale_WP0024_20250221
2025-02-28,WP0024,18.3297,ev_scale_WP0024_20250228
2025-03-07,WP0024,18.36,ev_scale_WP0024_20250307
2025-03-14,WP0024,18.3044,ev_scale_WP0024_20250314
2025-03-21,WP0024,18.2587,ev_scale_WP0024_20250321
2025-03-28,WP0024,18.3508,ev_scale_WP0024_20250328
2025-04-04,WP0024,18.3662,ev_scale_WP0024_20250404
2025-01-31,WP0025,11.2562,ev_scale_WP0025_20250131
2025-02-07,WP0025,11.1923,ev_scale_WP0025_20250207
2025-02-14,WP0025,11.3405,ev_scale_WP0025_20250214
2025-02-21,WP0025,11.2677,ev_scale_WP0025_20250221
2025-02-28,WP0025,11.4637,ev_scale_WP0025_20250228
2025-03-07,WP0025,11.3941,ev_scale_WP0025_20250307
2025-03-14,WP0025,11.1399,ev_scale_WP0025_20250314
2025-03-21,WP0025,11.2179,ev_scale_WP0025_20250321
2025-03-28,WP0025,11.1277,ev_scale_WP0025_20250328
2025-04-04,WP0025,11.3029,ev_scale_WP0025_20250404
2025-01-31,WP0026,14.9795,ev_scale_WP0026_20250131
2025-02-07,WP0026,14.848,ev_scale_WP0026_20250207
2025-02-14,WP0026,14.9944,ev_scale_WP0026_20250214
2025-02-21,WP0026,14.9543,ev_scale_WP0026_20250221
2025-02-28,WP0026,14.9211,ev_scale_WP0026_20250228
2025-03-07,WP0026,14.9113,ev_scale_WP0026_20250307
2025-03-14,WP0026,14.9073,ev_scale_WP0026_20250314
2025-03-21,WP0026,14.9928,ev_scale_WP0026_20250321
2025-03-28,WP0026,14.9308,ev_scale_WP0026_20250328
2025-04-04,WP0026,14.7497,ev_scale_WP0026_20250404
2025-01-31,WP0027,1.8453,ev_scale_WP0027_20250131
2025-02-07,WP0027,1.8504,ev_scale_WP0027_20250207
2025-02-14,WP0027,1.7479,ev_scale_WP0027_20250214
2025-02-21,WP0027,1.6919,ev_scale_WP0027_20250221
2025-02-28,WP0027,1.9377,ev_scale_WP0027_20250228
2025-03-07,WP0027,1.8475,ev_scale_WP0027_20250307
2025-03-14,WP0027,1.7517,ev_scale_WP0027_20250314
2025-03-21,WP0027,1.8645,ev_scale_WP0027_20250321
2025-03-28,WP0027,1.7349,ev_scale_WP0027_20250328
2025-04-04,WP0027,1.7958,ev_scale_WP0027_20250404
2025-01-31,WP0028,3.7458,ev_scale_WP0028_20250131
2025-02-07,WP0028,3.774,ev_scale_WP0028_20250207
2025-02-14,WP0028,3.7483,ev_scale_WP0028_20250214
2025-02-21,WP0028,3.9335,ev_scale_WP0028_20250221
2025-02-28,WP0028,3.8532,ev_scale_WP0028_20250228
2025-03-07,WP0028,3.8736,ev_scale_WP0028_20250307
2025-03-14,WP0028,3.9611,ev_scale_WP0028_20250314
2025-03-21,WP0028,3.9167,ev_scale_WP0028_20250321
2025-03-28,WP0028,3.9943,ev_scale_WP0028_20250328
2025-04-04,WP0028,3.9879,ev_scale_WP0028_20250404
2025-01-31,WP0029,6.6602,ev_scale_WP0029_20250131
2025-02-07,WP0029,6.6716,ev_scale_WP0029_20250207
2025-02-14,WP0029,6.5799,ev_scale_WP0029_20250214
2025-02-21,WP0029,6.7552,ev_scale_WP0029_20250221
2025-02-28,WP0029,6.791,ev_scale_WP0029_20250228
2025-03-07,WP0029,6.6253,ev_scale_WP0029_20250307
2025-03-14,WP0029,6.7889,ev_scale_WP0029_20250314
2025-03-21,WP0029,6.8761,ev_scale_WP0029_20250321
2025-03-28,WP0029,7.0887,ev_scale_WP0029_20250328
2025-04-04,WP0029,7.2446,ev_scale_WP0029_20250404
2025-01-31,WP0030,12.1027,ev_scale_WP0030_20250131
2025-02-07,WP0030,12.0813,ev_scale_WP0030_20250207
2025-02-14,WP0030,12.2597,ev_scale_WP0030_20250214
2025-02-21,WP0030,12.2878,ev_scale_WP0030_20250221
2025-02-28,WP0030,12.3621,ev_scale_WP0030_20250228
2025-03-07,WP0030,12.4115,ev_scale_WP0030_20250307
2025-03-14,WP0030,12.434,ev_scale_WP0030_20250314
2025-03-21,WP0030,12.3792,ev_scale_WP0030_20250321
2025-03-28,WP0030,12.4584,ev_scale_WP0030_20250328
2025-04-04,WP0030,12.4267,ev_scale_WP0030_20250404
2025-01-31,WP0031,6.9199,ev_scale_WP0031_20250131
2025-02-07,WP0031,6.8802,ev_scale_WP0031_20250207
2025-02-14,WP0031,6.9319,ev_scale_WP0031_20250214
2025-02-21,WP0031,7.0857,ev_scale_WP0031_20250221
2025-02-28,WP0031,7.0113,ev_scale_WP0031_20250228
2025-03-07,WP0031,7.1869,ev_scale_WP0031_20250307
2025-03-14,WP0031,7.1565,ev_scale_WP0031_20250314
2025-03-21,WP0031,7.1798,ev_scale_WP0031_20250321
2025-03-28,WP0031,7.2567,ev_scale_WP0031_20250328
2025-04-04,WP0031,7.2779,ev_scale_WP0031_20250404
2025-01-31,WP0032,12.2943,ev_scale_WP0032_20250131
2025-02-07,WP0032,12.1866,ev_scale_WP0032_20250207
2025-02-14,WP0032,12.3225,ev_scale_WP0032_20250214
2025-02-21,WP0032,12.3079,ev_scale_WP0032_20250221
2025-02-28,WP0032,12.4167,ev_scale_WP0032_20250228
2025-03-07,WP0032,12.3228,ev_scale_WP0032_20250307
2025-03-14,WP0032,12.4969,ev_scale_WP0032_20250314
2025-03-21,WP0032,12.6493,ev_scale_WP0032_20250321
2025-03-28,WP0032,12.6825,ev_scale_WP0032_20250328
2025-04-04,WP0032,12.6974,ev_scale_WP0032_20250404
2025-01-31,WP0033,21.3773,ev_scale_WP0033_20250131
2025-02-07,WP0033,21.4009,ev_scale_WP0033_20250207
2025-02-14,WP0033,21.4082,ev_scale_WP0033_20250214
2025-02-21,WP0033,21.4767,ev_scale_WP0033_20250221
2025-02-28,WP0033,21.4909,ev_scale_WP0033_20250228
2025-03-07,WP0033,21.5919,ev_scale_WP0033_20250307
2025-03-14,WP0033,21.7412,ev_scale_WP0033_20250314
2025-03-21,WP0033,21.7496,ev_scale_WP0033_20250321
2025-03-28,WP0033,21.8041,ev_scale_WP0033_20250328
2025-04-04,WP0033,21.632,ev_scale_WP0033_20250404
2025-01-31,WP0034,0.9282,ev_scale_WP0034_20250131
2025-02-07,WP0034,1.0216,ev_scale_WP0034_20250207
2025-02-14,WP0034,1.0897,ev_scale_WP0034_20250214
2025-02-21,WP0034,1.0436,ev_scale_WP0034_20250221
2025-02-28,WP0034,0.8516,ev_scale_WP0034_20250228
2025-03-07,WP0034,0.7872,ev_scale_WP0034_20250307
2025-03-14,WP0034,0.9051,ev_scale_WP0034_20250314
2025-03-21,WP0034,0.9997,ev_scale_WP0034_20250321
2025-03-28,WP0034,0.9622,ev_scale_WP0034_20250328
2025-04-04,WP0034,1.0048,ev_scale_WP0034_20250404
2025-01-31,WP0035,4.2161,ev_scale_WP0035_20250131
2025-02-07,WP0035,4.3006,ev_scale_WP0035_20250207
2025-02-14,WP0035,4.4773,ev_scale_WP0035_20250214
2025-02-21,WP0035,4.5166,ev_scale_WP0035_20250221
2025-02-28,WP0035,4.4531,ev_scale_WP0035_20250228
2025-03-07,WP0035,4.5197,ev_scale_WP0035_20250307
2025-03-14,WP0035,4.4352,ev_scale_WP0035_20250314
2025-03-21,WP0035,4.4794,ev_scale_WP0035_20250321
2025-03-28,WP0035,4.5681,ev_scale_WP0035_20250328
2025-04-04,WP0035,4.7679,ev_scale_WP0035_20250404
2025-01-31,WP0036,10.4966,ev_scale_WP0036_20250131
2025-02-07,WP0036,10.4249,ev_scale_WP0036_20250207
2025-02-14,WP0036,10.5716,ev_scale_WP0036_20250214
2025-02-21,WP0036,10.3448,ev_scale_WP0036_20250221
2025-02-28,WP0036,10.3586,ev_scale_WP0036_20250228
2025-03-07,WP0036,10.3987,ev_scale_WP0036_20250307
2025-03-14,WP0036,10.4663,ev_scale_WP0036_20250314
2025-03-21,WP0036,10.7887,ev_scale_WP0036_20250321
2025-03-28,WP0036,10.921,ev_scale_WP0036_20250328
2025-04-04,WP0036,10.9967,ev_scale_WP0036_20250404
2025-01-31,WP0037,7.2796,ev_scale_WP0037_20250131
2025-02-07,WP0037,7.5057,ev_scale_WP0037_20250207
2025-02-14,WP0037,7.5894,ev_scale_WP0037_20250214
2025-02-21,WP0037,7.5312,ev_scale_WP0037_20250221
2025-02-28,WP0037,7.3788,ev_scale_WP0037_20250228
2025-03-07,WP0037,7.3317,ev_scale_WP0037_20250307
2025-03-14,WP0037,7.3278,ev_scale_WP0037_20250314
2025-03-21,WP0037,7.5752,ev_scale_WP0037_20250321
2025-03-28,WP0037,7.6042,ev_scale_WP0037_20250328
2025-04-04,WP0037,7.8129,ev_scale_WP0037_20250404
2025-01-31,WP0038,17.3789,ev_scale_WP0038_20250131
2025-02-07,WP0038,17.4021,ev_scale_WP0038_20250207
2025-02-14,WP0038,17.2111,ev_scale_WP0038_20250214
2025-02-21,WP0038,17.3509,ev_scale_WP0038_20250221
2025-02-28,WP0038,17.0314,ev_scale_WP0038_20250228
2025-03-07,WP0038,17.0469,ev_scale_WP0038_20250307
2025-03-14,WP0038,16.9276,ev_scale_WP0038_20250314
2025-03-21,WP0038,17.0939,ev_scale_WP0038_20250321
2025-03-28,WP0038,17.1502,ev_scale_WP0038_20250328
2025-04-04,WP0038,17.3665,ev_scale_WP0038_20250404
2025-01-31,WP0039,7.0254,ev_scale_WP0039_20250131
2025-02-07,WP0039,6.8984,ev_scale_WP0039_20250207
2025-02-14,WP0039,6.7998,ev_scale_WP0039_20250214
2025-02-21,WP0039,6.7712,ev_scale_WP0039_20250221
2025-02-28,WP0039,6.7802,ev_scale_WP0039_20250228
2025-03-07,WP0039,6.7997,ev_scale_WP0039_20250307
2025-03-14,WP0039,6.6728,ev_scale_WP0039_20250314
2025-03-21,WP0039,6.6656,ev_scale_WP0039_20250321
2025-03-28,WP0039,6.5676,ev_scale_WP0039_20250328
2025-04-04,WP0039,6.6952,ev_scale_WP0039_20250404
2025-01-31,WP0040,14.2495,ev_scale_WP0040_20250131
2025-02-07,WP0040,14.2784,ev_scale_WP0040_20250207
2025-02-14,WP0040,14.3374,ev_scale_WP0040_20250214
2025-02-21,WP0040,14.3064,ev_scale_WP0040_20250221
2025-02-28,WP0040,14.1082,ev_scale_WP0040_20250228
2025-03-07,WP0040,13.9721,ev_scale_WP0040_20250307
2025-03-14,WP0040,13.9269,ev_scale_WP0040_20250314
2025-03-21,WP0040,14.0334,ev_scale_WP0040_20250321
2025-03-28,WP0040,14.1336,ev_scale_WP0040_20250328
2025-04-04,WP0040,14.3461,ev_scale_WP0040_20250404
2025-01-31,WP0041,13.4288,ev_scale_WP0041_20250131
2025-02-07,WP0041,13.2993,ev_scale_WP0041_20250207
2025-02-14,WP0041,13.4745,ev_scale_WP0041_20250214
2025-02-21,WP0041,13.4921,ev_scale_WP0041_20250221
2025-02-28,WP0041,13.7616,ev_scale_WP0041_20250228
2025-03-07,WP0041,13.6569,ev_scale_WP0041_20250307
2025-03-14,WP0041,13.65,ev_scale_WP0041_20250314
2025-03-21,WP0041,13.7485,ev_scale_WP0041_20250321
2025-03-28,WP0041,13.7201,ev_scale_WP0041_20250328
2025-04-04,WP0041,13.7759,ev_scale_WP0041_20250404
2025-01-31,WP0042,29.4899,ev_scale_WP0042_20250131
2025-02-07,WP0042,29.5001,ev_scale_WP0042_20250207
2025-02-14,WP0042,29.5367,ev_scale_WP0042_20250214
2025-02-21,WP0042,29.6331,ev_scale_WP0042_20250221
2025-02-28,WP0042,29.7515,ev_scale_WP0042_20250228
2025-03-07,WP0042,29.9488,ev_scale_WP0042_20250307
2025-03-14,WP0042,29.9338,ev_scale_WP0042_20250314
2025-03-21,WP0042,29.9794,ev_scale_WP0042_20250321
2025-03-28,WP0042,30.0966,ev_scale_WP0042_20250328
2025-04-04,WP0042,30.0141,ev_scale_WP0042_20250404
2025-01-31,WP0043,4.3214,ev_scale_WP0043_20250131
2025-02-07,WP0043,4.3106,ev_scale_WP0043_20250207
2025-02-14,WP0043,4.2196,ev_scale_WP0043_20250214
2025-02-21,WP0043,4.2184,ev_scale_WP0043_20250221
2025-02-28,WP0043,4.1934,ev_scale_WP0043_20250228
2025-03-07,WP0043,4.3664,ev_scale_WP0043_20250307
2025-03-14,WP0043,4.1889,ev_scale_WP0043_20250314
2025-03-21,WP0043,4.3941,ev_scale_WP0043_20250321
2025-03-28,WP0043,4.4279,ev_scale_WP0043_20250328
2025-04-04,WP0043,4.2406,ev_scale_WP0043_20250404
2025-01-31,WP0044,21.7914,ev_scale_WP0044_20250131
2025-02-07,WP0044,21.7028,ev_scale_WP0044_20250207
2025-02-14,WP0044,21.9061,ev_scale_WP0044_20250214
2025-02-21,WP0044,21.961,ev_scale_WP0044_20250221
2025-02-28,WP0044,21.8346,ev_scale_WP0044_20250228
2025-03-07,WP0044,21.829,ev_scale_WP0044_20250307
2025-03-14,WP0044,21.6793,ev_scale_WP0044_20250314
2025-03-21,WP0044,21.8432,ev_scale_WP0044_20250321
2025-03-28,WP0044,21.768,ev_scale_WP0044_20250328
2025-04-04,WP0044,21.702,ev_scale_WP0044_20250404
2025-01-31,WP0045,19.935,ev_scale_WP0045_20250131
2025-02-07,WP0045,20.1527,ev_scale_WP0045_20250207
2025-02-14,WP0045,20.1879,ev_scale_WP0045_20250214
2025-02-21,WP0045,20.24,ev_scale_WP0045_20250221
2025-02-28,WP0045,20.2412,ev_scale_WP0045_20250228
2025-03-07,WP0045,20.2411,ev_scale_WP0045_20250307
2025-03-14,WP0045,20.101,ev_scale_WP0045_20250314
2025-03-21,WP0045,19.906,ev_scale_WP0045_20250321
2025-03-28,WP0045,19.8772,ev_scale_WP0045_20250328
2025-04-04,WP0045,19.8679,ev_scale_WP0045_20250404
2025-01-31,WP0046,24.0884,ev_scale_WP0046_20250131
2025-02-07,WP0046,24.0748,ev_scale_WP0046_20250207
2025-02-14,WP0046,24.1567,ev_scale_WP0046_20250214
2025-02-21,WP0046,24.0135,ev_scale_WP0046_20250221
2025-02-28,WP0046,24.1125,ev_scale_WP0046_20250228
2025-03-07,WP0046,24.1307,ev_scale_WP0046_20250307
2025-03-14,WP0046,24.0268,ev_scale_WP0046_20250314
2025-03-21,WP0046,23.9958,ev_scale_WP0046_20250321
2025-03-28,WP0046,23.8947,ev_scale_WP0046_20250328
2025-04-04,WP0046,23.7572,ev_scale_WP0046_20250404
2025-01-31,WP0047,8.8859,ev_scale_WP0047_20250131
2025-02-07,WP0047,8.7788,ev_scale_WP0047_20250207
2025-02-14,WP0047,8.8233,ev_scale_WP0047_20250214
2025-02-21,WP0047,8.7266,ev_scale_WP0047_20250221
2025-02-28,WP0047,8.7974,ev_scale_WP0047_20250228
2025-03-07,WP0047,8.8199,ev_scale_WP0047_20250307
2025-03-14,WP0047,8.9762,ev_scale_WP0047_20250314
2025-03-21,WP0047,9.0727,ev_scale_WP0047_20250321
2025-03-28,WP0047,9.2048,ev_scale_WP0047_20250328
2025-04-04,WP0047,9.2582,ev_scale_WP0047_20250404
2025-01-31,WP0048,15.9388,ev_scale_WP0048_20250131
2025-02-07,WP0048,15.653,ev_scale_WP0048_20250207
2025-02-14,WP0048,15.6846,ev_scale_WP0048_20250214
2025-02-21,WP0048,15.9029,ev_scale_WP0048_20250221
2025-02-28,WP0048,15.9109,ev_scale_WP0048_20250228
2025-03-07,WP0048,15.9457,ev_scale_WP0048_20250307
2025-03-14,WP0048,15.9098,ev_scale_WP0048_20250314
2025-03-21,WP0048,15.9756,ev_scale_WP0048_20250321
2025-03-28,WP0048,15.8519,ev_scale_WP0048_20250328
2025-04-04,WP0048,15.79,ev_scale_WP0048_20250404
2025-01-31,WP0049,14.6213,ev_scale_WP0049_20250131
2025-02-07,WP0049,14.7104,ev_scale_WP0049_20250207
2025-02-14,WP0049,14.6807,ev_scale_WP0049_20250214
2025-02-21,WP0049,14.8328,ev_scale_WP0049_20250221
2025-02-28,WP0049,14.6702,ev_scale_WP0049_20250228
2025-03-07,WP0049,14.77,ev_scale_WP0049_20250307
2025-03-14,WP0049,14.6021,ev_scale_WP0049_20250314
2025-03-21,WP0049,14.7075,ev_scale_WP0049_20250321
2025-03-28,WP0049,14.7003,ev_scale_WP0049_20250328
2025-04-04,WP0049,14.6287,ev_scale_WP0049_20250404
2025-01-31,WP0050,21.8278,ev_scale_WP0050_20250131
2025-02-07,WP0050,21.8632,ev_scale_WP0050_20250207
2025-02-14,WP0050,22.0008,ev_scale_WP0050_20250214
2025-02-21,WP0050,22.269,ev_scale_WP0050_20250221
2025-02-28,WP0050,22.1787,ev_scale_WP0050_20250228
2025-03-07,WP0050,22.0981,ev_scale_WP0050_20250307
2025-03-14,WP0050,22.0609,ev_scale_WP0050_20250314
2025-03-21,WP0050,22.2232,ev_scale_WP0050_20250321
2025-03-28,WP0050,22.27,ev_scale_WP0050_20250328
2025-04-04,WP0050,22.2823,ev_scale_WP0050_20250404
2025-01-31,WP0051,24.7204,ev_scale_WP0051_20250131
2025-02-07,WP0051,24.6742,ev_scale_WP0051_20250207
2025-02-14,WP0051,24.5268,ev_scale_WP0051_20250214
2025-02-21,WP0051,24.6315,ev_scale_WP0051_20250221
2025-02-28,WP0051,24.6177,ev_scale_WP0051_20250228
2025-03-07,WP0051,24.5263,ev_scale_WP0051_20250307
2025-03-14,WP0051,24.5846,ev_scale_WP0051_20250314
2025-03-21,WP0051,24.5027,ev_scale_WP0051_20250321
2025-03-28,WP0051,24.4284,ev_scale_WP0051_20250328
2025-04-04,WP0051,24.3303,ev_scale_WP0051_20250404
2025-01-31,WP0052,5.8792,ev_scale_WP0052_20250131
2025-02-07,WP0052,5.7279,ev_scale_WP0052_20250207
2025-02-14,WP0052,5.9321,ev_scale_WP0052_20250214
2025-02-21,WP0052,6.1431,ev_scale_WP0052_20250221
2025-02-28,WP0052,6.1548,ev_scale_WP0052_20250228
2025-03-07,WP0052,6.2592,ev_scale_WP0052_20250307
2025-03-14,WP0052,6.0942,ev_scale_WP0052_20250314
2025-03-21,WP0052,6.129,ev_scale_WP0052_20250321
2025-03-28,WP0052,6.3421,ev_scale_WP0052_20250328
2025-04-04,WP0052,6.3522,ev_scale_WP0052_20250404
2025-01-31,WP0053,11.9565,ev_scale_WP0053_20250131
2025-02-07,WP0053,12.1958,ev_scale_WP0053_20250207
2025-02-14,WP0053,12.3101,ev_scale_WP0053_20250214
2025-02-21,WP0053,12.4159,ev_scale_WP0053_20250221
2025-02-28,WP0053,12.5622,ev_scale_WP0053_20250228
2025-03-07,WP0053,12.7466,ev_scale_WP0053_20250307
2025-03-14,WP0053,13.0392,ev_scale_WP0053_20250314
2025-03-21,WP0053,12.9383,ev_scale_WP0053_20250321
2025-03-28,WP0053,12.8653,ev_scale_WP0053_20250328
2025-04-04,WP0053,12.7649,ev_scale_WP0053_20250404
2025-01-31,WP0054,14.1851,ev_scale_WP0054_20250131
2025-02-07,WP0054,14.1058,ev_scale_WP0054_20250207
2025-02-14,WP0054,13.9892,ev_scale_WP0054_20250214
2025-02-21,WP0054,13.7186,ev_scale_WP0054_20250221
2025-02-28,WP0054,13.8026,ev_scale_WP0054_20250228
2025-03-07,WP0054,13.8529,ev_scale_WP0054_20250307
2025-03-14,WP0054,13.9143,ev_scale_WP0054_20250314
2025-03-21,WP0054,13.7908,ev_scale_WP0054_20250321
2025-03-28,WP0054,13.8182,ev_scale_WP0054_20250328
2025-04-04,WP0054,13.6711,ev_scale_WP0054_20250404
2025-01-31,WP0055,31.4716,ev_scale_WP0055_20250131
2025-02-07,WP0055,31.5979,ev_scale_WP0055_20250207
2025-02-14,WP0055,31.5973,ev_scale_WP0055_20250214
2025-02-21,WP0055,31.4414,ev_scale_WP0055_20250221
2025-02-28,WP0055,31.1276,ev_scale_WP0055_20250228
2025-03-07,WP0055,31.2162,ev_scale_WP0055_20250307
2025-03-14,WP0055,31.1658,ev_scale_WP0055_20250314
2025-03-21,WP0055,31.1282,ev_scale_WP0055_20250321
2025-03-28,WP0055,31.3109,ev_scale_WP0055_20250328
2025-04-04,WP0055,31.5375,ev_scale_WP0055_20250404
2025-01-31,WP0056,20.3158,ev_scale_WP0056_20250131
2025-02-07,WP0056,20.3775,ev_scale_WP0056_20250207
2025-02-14,WP0056,20.4519,ev_scale_WP0056_20250214
2025-02-21,WP0056,20.4134,ev_scale_WP0056_20250221
2025-02-28,WP0056,20.2424,ev_scale_WP0056_20250228
2025-03-07,WP0056,20.4241,ev_scale_WP0056_20250307
2025-03-14,WP0056,20.4216,ev_scale_WP0056_20250314
2025-03-21,WP0056,20.1706,ev_scale_WP0056_20250321
2025-03-28,WP0056,19.9912,ev_scale_WP0056_20250328
2025-04-04,WP0056,20.0684,ev_scale_WP0056_20250404
2025-01-31,WP0057,13.5678,ev_scale_WP0057_20250131
2025-02-07,WP0057,13.5701,ev_scale_WP0057_20250207
2025-02-14,WP0057,13.638,ev_scale_WP0057_20250214
2025-02-21,WP0057,13.5825,ev_scale_WP0057_20250221
2025-02-28,WP0057,13.4604,ev_scale_WP0057_20250228
2025-03-07,WP0057,13.5218,ev_scale_WP0057_20250307
2025-03-14,WP0057,13.3178,ev_scale_WP0057_20250314
2025-03-21,WP0057,13.4947,ev_scale_WP0057_20250321
2025-03-28,WP0057,13.3246,ev_scale_WP0057_20250328
2025-04-04,WP0057,13.3255,ev_scale_WP0057_20250404
2025-01-31,WP0058,20.1401,ev_scale_WP0058_20250131
2025-02-07,WP0058,20.1778,ev_scale_WP0058_20250207
2025-02-14,WP0058,20.2994,ev_scale_WP0058_20250214
2025-02-21,WP0058,20.1199,ev_scale_WP0058_20250221
2025-02-28,WP0058,20.2093,ev_scale_WP0058_20250228
2025-03-07,WP0058,20.3047,ev_scale_WP0058_20250307
2025-03-14,WP0058,20.0985,ev_scale_WP0058_20250314
2025-03-21,WP0058,20.1579,ev_scale_WP0058_20250321
2025-03-28,WP0058,20.1359,ev_scale_WP0058_20250328
2025-04-04,WP0058,20.2014,ev_scale_WP0058_20250404
2025-01-31,WP0059,19.2986,ev_scale_WP0059_20250131
2025-02-07,WP0059,19.4739,ev_scale_WP0059_20250207
2025-02-14,WP0059,19.416,ev_scale_WP0059_20250214
2025-02-21,WP0059,19.4458,ev_scale_WP0059_20250221
2025-02-28,WP0059,19.3903,ev_scale_WP0059_20250228
2025-03-07,WP0059,19.3276,ev_scale_WP0059_20250307
2025-03-14,WP0059,19.3848,ev_scale_WP0059_20250314
2025-03-21,WP0059,19.3651,ev_scale_WP0059_20250321
2025-03-28,WP0059,19.3788,ev_scale_WP0059_20250328
2025-04-04,WP0059,19.6825,ev_scale_WP0059_20250404
2025-01-31,WP0060,30.7434,ev_scale_WP0060_20250131
2025-02-07,WP0060,30.7184,ev_scale_WP0060_20250207
2025-02-14,WP0060,30.7349,ev_scale_WP0060_20250214
2025-02-21,WP0060,30.8586,ev_scale_WP0060_20250221
2025-02-28,WP0060,30.7707,ev_scale_WP0060_20250228
2025-03-07,WP0060,30.8452,ev_scale_WP0060_20250307
2025-03-14,WP0060,30.7775,ev_scale_WP0060_20250314
2025-03-21,WP0060,30.7098,ev_scale_WP0060_20250321
2025-03-28,WP0060,30.8103,ev_scale_WP0060_20250328
2025-04-04,WP0060,30.7706,ev_scale_WP0060_20250404
2025-01-31,WP0061,7.5732,ev_scale_WP0061_20250131
2025-02-07,WP0061,7.6085,ev_scale_WP0061_20250207
2025-02-14,WP0061,7.5397,ev_scale_WP0061_20250214
2025-02-21,WP0061,7.6144,ev_scale_WP0061_20250221
2025-02-28,WP0061,7.7375,ev_scale_WP0061_20250228
2025-03-07,WP0061,7.6975,ev_scale_WP0061_20250307
2025-03-14,WP0061,7.5443,ev_scale_WP0061_20250314
2025-03-21,WP0061,7.6643,ev_scale_WP0061_20250321
2025-03-28,WP0061,7.7312,ev_scale_WP0061_20250328
2025-04-04,WP0061,7.7577,ev_scale_WP0061_20250404
2025-01-31,WP0062,13.8342,ev_scale_WP0062_20250131
2025-02-07,WP0062,13.7398,ev_scale_WP0062_20250207
2025-02-14,WP0062,13.9216,ev_scale_WP0062_20250214
2025-02-21,WP0062,14.1672,ev_scale_WP0062_20250221
2025-02-28,WP0062,13.954,ev_scale_WP0062_20250228
2025-03-07,WP0062,13.8141,ev_scale_WP0062_20250307
2025-03-14,WP0062,13.7286,ev_scale_WP0062_20250314
2025-03-21,WP0062,13.5982,ev_scale_WP0062_20250321
2025-03-28,WP0062,13.5512,ev_scale_WP0062_20250328
2025-04-04,WP0062,13.4124,ev_scale_WP0062_20250404
2025-01-31,WP0063,11.1331,ev_scale_WP0063_20250131
2025-02-07,WP0063,11.119,ev_scale_WP0063_20250207
2025-02-14,WP0063,11.3118,ev_scale_WP0063_20250214
2025-02-21,WP0063,11.2568,ev_scale_WP0063_20250221
2025-02-28,WP0063,11.3508,ev_scale_WP0063_20250228
2025-03-07,WP0063,11.2984,ev_scale_WP0063_20250307
2025-03-14,WP0063,11.1377,ev_scale_WP0063_20250314
2025-03-21,WP0063,11.2862,ev_scale_WP0063_20250321
2025-03-28,WP0063,11.4216,ev_scale_WP0063_20250328
2025-04-04,WP0063,11.3596,ev_scale_WP0063_20250404
2025-01-31,WP0064,13.51,ev_scale_WP0064_20250131
2025-02-07,WP0064,13.6868,ev_scale_WP0064_20250207
2025-02-14,WP0064,13.7773,ev_scale_WP0064_20250214
2025-02-21,WP0064,13.8117,ev_scale_WP0064_20250221
2025-02-28,WP0064,13.8748,ev_scale_WP0064_20250228
2025-03-07,WP0064,13.8962,ev_scale_WP0064_20250307
2025-03-14,WP0064,13.7752,ev_scale_WP0064_20250314
2025-03-21,WP0064,13.7744,ev_scale_WP0064_20250321
2025-03-28,WP0064,13.8643,ev_scale_WP0064_20250328
2025-04-04,WP0064,13.7917,ev_scale_WP0064_20250404
2025-01-31,WP0065,6.5149,ev_scale_WP0065_20250131
2025-02-07,WP0065,6.6075,ev_scale_WP0065_20250207
2025-02-14,WP0065,6.5642,ev_scale_WP0065_20250214
2025-02-21,WP0065,6.6037,ev_scale_WP0065_20250221
2025-02-28,WP0065,6.5813,ev_scale_WP0065_20250228
2025-03-07,WP0065,6.6925,ev_scale_WP0065_20250307
2025-03-14,WP0065,6.7261,ev_scale_WP0065_20250314
2025-03-21,WP0065,6.4634,ev_scale_WP0065_20250321
2025-03-28,WP0065,6.6002,ev_scale_WP0065_20250328
2025-04-04,WP0065,6.5691,ev_scale_WP0065_20250404
2025-01-31,WP0066,16.6332,ev_scale_WP0066_20250131
2025-02-07,WP0066,16.7499,ev_scale_WP0066_20250207
2025-02-14,WP0066,16.6905,ev_scale_WP0066_20250214
2025-02-21,WP0066,16.9779,ev_scale_WP0066_20250221
2025-02-28,WP0066,17.0203,ev_scale_WP0066_20250228
2025-03-07,WP0066,17.0012,ev_scale_WP0066_20250307
2025-03-14,WP0066,16.9647,ev_scale_WP0066_20250314
2025-03-21,WP0066,17.0322,ev_scale_WP0066_20250321
2025-03-28,WP0066,16.9301,ev_scale_WP0066_20250328
2025-04-04,WP0066,16.83,ev_scale_WP0066_20250404
2025-01-31,WP0067,9.1092,ev_scale_WP0067_20250131
2025-02-07,WP0067,9.3488,ev_scale_WP0067_20250207
2025-02-14,WP0067,9.6128,ev_scale_WP0067_20250214
2025-02-21,WP0067,9.7732,ev_scale_WP0067_20250221
2025-02-28,WP0067,9.8335,ev_scale_WP0067_20250228
2025-03-07,WP0067,10.0782,ev_scale_WP0067_20250307
2025-03-14,WP0067,9.9724,ev_scale_WP0067_20250314
2025-03-21,WP0067,10.0005,ev_scale_WP0067_20250321
2025-03-28,WP0067,10.0935,ev_scale_WP0067_20250328
2025-04-04,WP0067,10.0923,ev_scale_WP0067_20250404
2025-01-31,WP0068,2.5095,ev_scale_WP0068_20250131
2025-02-07,WP0068,2.4713,ev_scale_WP0068_20250207
2025-02-14,WP0068,2.4545,ev_scale_WP0068_20250214
2025-02-21,WP0068,2.1667,ev_scale_WP0068_20250221
2025-02-28,WP0068,2.4307,ev_scale_WP0068_20250228
2025-03-07,WP0068,2.491,ev_scale_WP0068_20250307
2025-03-14,WP0068,2.2799,ev_scale_WP0068_20250314
2025-03-21,WP0068,2.3912,ev_scale_WP0068_20250321
2025-03-28,WP0068,2.4741,ev_scale_WP0068_20250328
2025-04-04,WP0068,2.5458,ev_scale_WP0068_20250404
2025-01-31,WP0069,20.776,ev_scale_WP0069_20250131
2025-02-07,WP0069,20.9443,ev_scale_WP0069_20250207
2025-02-14,WP0069,20.8765,ev_scale_WP0069_20250214
2025-02-21,WP0069,20.968,ev_scale_WP0069_20250221
2025-02-28,WP0069,21.1291,ev_scale_WP0069_20250228
2025-03-07,WP0069,21.1317,ev_scale_WP0069_20250307
2025-03-14,WP0069,21.3171,ev_scale_WP0069_20250314
2025-03-21,WP0069,21.2796,ev_scale_WP0069_20250321
2025-03-28,WP0069,21.3427,ev_scale_WP0069_20250328
2025-04-04,WP0069,21.34,ev_scale_WP0069_20250404
2025-01-31,WP0070,6.3877,ev_scale_WP0070_20250131
2025-02-07,WP0070,6.3913,ev_scale_WP0070_20250207
2025-02-14,WP0070,6.7328,ev_scale_WP0070_20250214
2025-02-21,WP0070,6.8101,ev_scale_WP0070_20250221
2025-02-28,WP0070,6.7352,ev_scale_WP0070_20250228
2025-03-07,WP0070,6.6543,ev_scale_WP0070_20250307
2025-03-14,WP0070,6.7764,ev_scale_WP0070_20250314
2025-03-21,WP0070,6.7787,ev_scale_WP0070_20250321
2025-03-28,WP0070,6.9453,ev_scale_WP0070_20250328
2025-04-04,WP0070,6.9096,ev_scale_WP0070_20250404
2025-01-31,WP0071,12.9841,ev_scale_WP0071_20250131
2025-02-07,WP0071,12.9968,ev_scale_WP0071_20250207
2025-02-14,WP0071,12.9247,ev_scale_WP0071_20250214
2025-02-21,WP0071,13.038,ev_scale_WP0071_20250221
2025-02-28,WP0071,13.1812,ev_scale_WP0071_20250228
2025-03-07,WP0071,12.9585,ev_scale_WP0071_20250307
2025-03-14,WP0071,12.9915,ev_scale_WP0071_20250314
2025-03-21,WP0071,12.8902,ev_scale_WP0071_20250321
2025-03-28,WP0071,12.7493,ev_scale_WP0071_20250328
2025-04-04,WP0071,12.7142,ev_scale_WP0071_20250404
2025-01-31,WP0072,12.5659,ev_scale_WP0072_20250131
2025-02-07,WP0072,12.6505,ev_scale_WP0072_20250207
2025-02-14,WP0072,12.8446,ev_scale_WP0072_20250214
2025-02-21,WP0072,12.8915,ev_scale_WP0072_20250221
2025-02-28,WP0072,12.8601,ev_scale_WP0072_20250228
2025-03-07,WP0072,13.0549,ev_scale_WP0072_20250307
2025-03-14,WP0072,12.8811,ev_scale_WP0072_20250314
2025-03-21,WP0072,12.9179,ev_scale_WP0072_20250321
2025-03-28,WP0072,12.997,ev_scale_WP0072_20250328
2025-04-04,WP0072,12.8616,ev_scale_WP0072_20250404
2025-01-31,WP0073,20.5475,ev_scale_WP0073_20250131
2025-02-07,WP0073,20.6071,ev_scale_WP0073_20250207
2025-02-14,WP0073,20.5371,ev_scale_WP0073_20250214
2025-02-21,WP0073,20.5831,ev_scale_WP0073_20250221
2025-02-28,WP0073,20.5434,ev_scale_WP0073_20250228
2025-03-07,WP0073,20.3157,ev_scale_WP0073_20250307
2025-03-14,WP0073,20.4393,ev_scale_WP0073_20250314
2025-03-21,WP0073,20.5113,ev_scale_WP0073_20250321
2025-03-28,WP0073,20.6055,ev_scale_WP0073_20250328
2025-04-04,WP0073,20.6268,ev_scale_WP0073_20250404
2025-01-31,WP0074,18.9525,ev_scale_WP0074_20250131
2025-02-07,WP0074,18.9329,ev_scale_WP0074_20250207
2025-02-14,WP0074,18.9871,ev_scale_WP0074_20250214
2025-02-21,WP0074,18.8561,ev_scale_WP0074_20250221
2025-02-28,WP0074,18.7656,ev_scale_WP0074_20250228
2025-03-07,WP0074,18.8376,ev_scale_WP0074_20250307
2025-03-14,WP0074,18.8142,ev_scale_WP0074_20250314
2025-03-21,WP0074,18.6269,ev_scale_WP0074_20250321
2025-03-28,WP0074,18.7663,ev_scale_WP0074_20250328
2025-04-04,WP0074,18.6702,ev_scale_WP0074_20250404
2025-01-31,WP0075,5.4605,ev_scale_WP0075_20250131
2025-02-07,WP0075,5.4571,ev_scale_WP0075_20250207
2025-02-14,WP0075,5.3605,ev_scale_WP0075_20250214
2025-02-21,WP0075,5.2995,ev_scale_WP0075_20250221
2025-02-28,WP0075,5.332,ev_scale_WP0075_20250228
2025-03-07,WP0075,5.4468,ev_scale_WP0075_20250307
2025-03-14,WP0075,5.3992,ev_scale_WP0075_20250314
2025-03-21,WP0075,5.553,ev_scale_WP0075_20250321
2025-03-28,WP0075,5.6532,ev_scale_WP0075_20250328
2025-04-04,WP0075,5.628,ev_scale_WP0075_20250404
2025-01-31,WP0076,16.6172,ev_scale_WP0076_20250131
2025-02-07,WP0076,16.4081,ev_scale_WP0076_20250207
2025-02-14,WP0076,16.315,ev_scale_WP0076_20250214
2025-02-21,WP0076,16.2878,ev_scale_WP0076_20250221
2025-02-28,WP0076,16.3213,ev_scale_WP0076_20250228
2025-03-07,WP0076,16.4789,ev_scale_WP0076_20250307
2025-03-14,WP0076,16.636,ev_scale_WP0076_20250314
2025-03-21,WP0076,16.7375,ev_scale_WP0076_20250321
2025-03-28,WP0076,16.7828,ev_scale_WP0076_20250328
2025-04-04,WP0076,16.8968,ev_scale_WP0076_20250404
2025-01-31,WP0077,7.8288,ev_scale_WP0077_20250131
2025-02-07,WP0077,7.6812,ev_scale_WP0077_20250207
2025-02-14,WP0077,7.7203,ev_scale_WP0077_20250214
2025-02-21,WP0077,7.7053,ev_scale_WP0077_20250221
2025-02-28,WP0077,7.7177,ev_scale_WP0077_20250228
2025-03-07,WP0077,7.8728,ev_scale_WP0077_20250307
2025-03-14,WP0077,8.0914,ev_scale_WP0077_20250314
2025-03-21,WP0077,8.0513,ev_scale_WP0077_20250321
2025-03-28,WP0077,7.9984,ev_scale_WP0077_20250328
2025-04-04,WP0077,7.9617,ev_scale_WP0077_20250404
2025-01-31,WP0078,5.787,ev_scale_WP0078_20250131
2025-02-07,WP0078,5.8772,ev_scale_WP0078_20250207
2025-02-14,WP0078,6.0927,ev_scale_WP0078_20250214
2025-02-21,WP0078,6.192,ev_scale_WP0078_20250221
2025-02-28,WP0078,6.4252,ev_scale_WP0078_20250228
2025-03-07,WP0078,6.3603,ev_scale_WP0078_20250307
2025-03-14,WP0078,6.2549,ev_scale_WP0078_20250314
2025-03-21,WP0078,6.3377,ev_scale_WP0078_20250321
2025-03-28,WP0078,6.4706,ev_scale_WP0078_20250328
2025-04-04,WP0078,6.3854,ev_scale_WP0078_20250404
2025-01-31,WP0079,18.7053,ev_scale_WP0079_20250131
2025-02-07,WP0079,18.8613,ev_scale_WP0079_20250207
2025-02-14,WP0079,18.8647,ev_scale_WP0079_20250214
2025-02-21,WP0079,18.808,ev_scale_WP0079_20250221
2025-02-28,WP0079,18.9923,ev_scale_WP0079_20250228
2025-03-07,WP0079,18.8169,ev_scale_WP0079_20250307
2025-03-14,WP0079,18.767,ev_scale_WP0079_20250314
2025-03-21,WP0079,18.7003,ev_scale_WP0079_20250321
2025-03-28,WP0079,18.766,ev_scale_WP0079_20250328
2025-04-04,WP0079,18.8071,ev_scale_WP0079_20250404
2025-01-31,WP0080,13.754,ev_scale_WP0080_20250131
2025-02-07,WP0080,13.7029,ev_scale_WP0080_20250207
2025-02-14,WP0080,13.7579,ev_scale_WP0080_20250214
2025-02-21,WP0080,13.8685,ev_scale_WP0080_20250221
2025-02-28,WP0080,13.8861,ev_scale_WP0080_20250228
2025-03-07,WP0080,14.1436,ev_scale_WP0080_20250307
2025-03-14,WP0080,14.0657,ev_scale_WP0080_20250314
2025-03-21,WP0080,13.9785,ev_scale_WP0080_20250321
2025-03-28,WP0080,14.0608,ev_scale_WP0080_20250328
2025-04-04,WP0080,14.1341,ev_scale_WP0080_20250404
2025-01-31,WP0081,16.5793,ev_scale_WP0081_20250131
2025-02-07,WP0081,16.4889,ev_scale_WP0081_20250207
2025-02-14,WP0081,16.5259,ev_scale_WP0081_20250214
2025-02-21,WP0081,16.4791,ev_scale_WP0081_20250221
2025-02-28,WP0081,16.4294,ev_scale_WP0081_20250228
2025-03-07,WP0081,16.4069,ev_scale_WP0081_20250307
2025-03-14,WP0081,16.4716,ev_scale_WP0081_20250314
2025-03-21,WP0081,16.3975,ev_scale_WP0081_20250321
2025-03-28,WP0081,16.3671,ev_scale_WP0081_20250328
2025-04-04,WP0081,16.5324,ev_scale_WP0081_20250404
2025-01-31,WP0082,1.2573,ev_scale_WP0082_20250131
2025-02-07,WP0082,1.2741,ev_scale_WP0082_20250207
2025-02-14,WP0082,1.3249,ev_scale_WP0082_20250214
2025-02-21,WP0082,1.3028,ev_scale_WP0082_20250221
2025-02-28,WP0082,1.1784,ev_scale_WP0082_20250228
2025-03-07,WP0082,1.3619,ev_scale_WP0082_20250307
2025-03-14,WP0082,1.317,ev_scale_WP0082_20250314
2025-03-21,WP0082,1.4041,ev_scale_WP0082_20250321
2025-03-28,WP0082,1.2251,ev_scale_WP0082_20250328
2025-04-04,WP0082,1.1792,ev_scale_WP0082_20250404
2025-01-31,WP0083,18.4674,ev_scale_WP0083_20250131
2025-02-07,WP0083,18.3534,ev_scale_WP0083_20250207
2025-02-14,WP0083,18.358,ev_scale_WP0083_20250214
2025-02-21,WP0083,18.4251,ev_scale_WP0083_20250221
2025-02-28,WP0083,18.5632,ev_scale_WP0083_20250228
2025-03-07,WP0083,18.6726,ev_scale_WP0083_20250307
2025-03-14,WP0083,18.8058,ev_scale_WP0083_20250314
2025-03-21,WP0083,18.6658,ev_scale_WP0083_20250321
2025-03-28,WP0083,18.6614,ev_scale_WP0083_20250328
2025-04-04,WP0083,18.5899,ev_scale_WP0083_20250404
2025-01-31,WP0084,15.8421,ev_scale_WP0084_20250131
2025-02-07,WP0084,15.7038,ev_scale_WP0084_20250207
2025-02-14,WP0084,15.6221,ev_scale_WP0084_20250214
2025-02-21,WP0084,15.7106,ev_scale_WP0084_20250221
2025-02-28,WP0084,15.6163,ev_scale_WP0084_20250228
2025-03-07,WP0084,15.5919,ev_scale_WP0084_20250307
2025-03-14,WP0084,15.4825,ev_scale_WP0084_20250314
2025-03-21,WP0084,15.4904,ev_scale_WP0084_20250321
2025-03-28,WP0084,15.2609,ev_scale_WP0084_20250328
2025-04-04,WP0084,15.4663,ev_scale_WP0084_20250404
2025-01-31,WP0085,9.2549,ev_scale_WP0085_20250131
2025-02-07,WP0085,8.9965,ev_scale_WP0085_20250207
2025-02-14,WP0085,8.9954,ev_scale_WP0085_20250214
2025-02-21,WP0085,9.0799,ev_scale_WP0085_20250221
2025-02-28,WP0085,9.1974,ev_scale_WP0085_20250228
2025-03-07,WP0085,9.273,ev_scale_WP0085_20250307
2025-03-14,WP0085,9.1675,ev_scale_WP0085_20250314
2025-03-21,WP0085,9.1528,ev_scale_WP0085_20250321
2025-03-28,WP0085,9.0699,ev_scale_WP0085_20250328
2025-04-04,WP0085,8.9877,ev_scale_WP0085_20250404
2025-01-31,WP0086,9.7326,ev_scale_WP0086_20250131
2025-02-07,WP0086,9.6874,ev_scale_WP0086_20250207
2025-02-14,WP0086,9.6896,ev_scale_WP0086_20250214
2025-02-21,WP0086,9.817,ev_scale_WP0086_20250221
2025-02-28,WP0086,9.9445,ev_scale_WP0086_20250228
2025-03-07,WP0086,10.0069,ev_scale_WP0086_20250307
2025-03-14,WP0086,9.8807,ev_scale_WP0086_20250314
2025-03-21,WP0086,9.8912,ev_scale_WP0086_20250321
2025-03-28,WP0086,9.9527,ev_scale_WP0086_20250328
2025-04-04,WP0086,9.8108,ev_scale_WP0086_20250404
2025-01-31,WP0087,23.2051,ev_scale_WP0087_20250131
2025-02-07,WP0087,23.0462,ev_scale_WP0087_20250207
2025-02-14,WP0087,23.0853,ev_scale_WP0087_20250214
2025-02-21,WP0087,22.9896,ev_scale_WP0087_20250221
2025-02-28,WP0087,22.8219,ev_scale_WP0087_20250228
2025-03-07,WP0087,22.8187,ev_scale_WP0087_20250307
2025-03-14,WP0087,22.6498,ev_scale_WP0087_20250314
2025-03-21,WP0087,22.8555,ev_scale_WP0087_20250321
2025-03-28,WP0087,22.6919,ev_scale_WP0087_20250328
2025-04-04,WP0087,23.0041,ev_scale_WP0087_20250404
2025-01-31,WP0088,0.6245,ev_scale_WP0088_20250131
2025-02-07,WP0088,0.706,ev_scale_WP0088_20250207
2025-02-14,WP0088,0.6825,ev_scale_WP0088_20250214
2025-02-21,WP0088,0.7371,ev_scale_WP0088_20250221
2025-02-28,WP0088,0.6917,ev_scale_WP0088_20250228
2025-03-07,WP0088,0.7775,ev_scale_WP0088_20250307
2025-03-14,WP0088,1.0176,ev_scale_WP0088_20250314
2025-03-21,WP0088,0.9517,ev_scale_WP0088_20250321
2025-03-28,WP0088,1.0264,ev_scale_WP0088_20250328
2025-04-04,WP0088,1.0085,ev_scale_WP0088_20250404
2025-01-31,WP0089,3.3197,ev_scale_WP0089_20250131
2025-02-07,WP0089,3.256,ev_scale_WP0089_20250207
2025-02-14,WP0089,3.2949,ev_scale_WP0089_20250214
2025-02-21,WP0089,3.3208,ev_scale_WP0089_20250221
2025-02-28,WP0089,3.2783,ev_scale_WP0089_20250228
2025-03-07,WP0089,3.3032,ev_scale_WP0089_20250307
2025-03-14,WP0089,3.3859,ev_scale_WP0089_20250314
2025-03-21,WP0089,3.5095,ev_scale_WP0089_20250321
2025-03-28,WP0089,3.413,ev_scale_WP0089_20250328
2025-04-04,WP0089,3.4903,ev_scale_WP0089_20250404
2025-01-31,WP0090,18.7615,ev_scale_WP0090_20250131
2025-02-07,WP0090,18.6479,ev_scale_WP0090_20250207
2025-02-14,WP0090,18.4337,ev_scale_WP0090_20250214
2025-02-21,WP0090,18.4452,ev_scale_WP0090_20250221
2025-02-28,WP0090,18.5409,ev_scale_WP0090_20250228
2025-03-07,WP0090,18.4322,ev_scale_WP0090_20250307
2025-03-14,WP0090,18.4281,ev_scale_WP0090_20250314
2025-03-21,WP0090,18.4116,ev_scale_WP0090_20250321
2025-03-28,WP0090,18.5055,ev_scale_WP0090_20250328
2025-04-04,WP0090,18.6684,ev_scale_WP0090_20250404
2025-01-31,WP0091,33.7219,ev_scale_WP0091_20250131
2025-02-07,WP0091,33.7142,ev_scale_WP0091_20250207
2025-02-14,WP0091,33.7478,ev_scale_WP0091_20250214
2025-02-21,WP0091,33.7814,ev_scale_WP0091_20250221
2025-02-28,WP0091,33.8057,ev_scale_WP0091_20250228
2025-03-07,WP0091,33.847,ev_scale_WP0091_20250307
2025-03-14,WP0091,33.8548,ev_scale_WP0091_20250314
2025-03-21,WP0091,33.7765,ev_scale_WP0091_20250321
2025-03-28,WP0091,33.8853,ev_scale_WP0091_20250328
2025-04-04,WP0091,33.9274,ev_scale_WP0091_20250404
2025-01-31,WP0092,4.3406,ev_scale_WP0092_20250131
2025-02-07,WP0092,4.3401,ev_scale_WP0092_20250207
2025-02-14,WP0092,4.0469,ev_scale_WP0092_20250214
2025-02-21,WP0092,4.2302,ev_scale_WP0092_20250221
2025-02-28,WP0092,4.4175,ev_scale_WP0092_20250228
2025-03-07,WP0092,4.5098,ev_scale_WP0092_20250307
2025-03-14,WP0092,4.6338,ev_scale_WP0092_20250314
2025-03-21,WP0092,4.7315,ev_scale_WP0092_20250321
2025-03-28,WP0092,4.8819,ev_scale_WP0092_20250328
2025-04-04,WP0092,4.9418,ev_scale_WP0092_20250404
2025-01-31,WP0093,19.3838,ev_scale_WP0093_20250131
2025-02-07,WP0093,19.4841,ev_scale_WP0093_20250207
2025-02-14,WP0093,19.7186,ev_scale_WP0093_20250214
2025-02-21,WP0093,19.5156,ev_scale_WP0093_20250221
2025-02-28,WP0093,19.3158,ev_scale_WP0093_20250228
2025-03-07,WP0093,19.2018,ev_scale_WP0093_20250307
2025-03-14,WP0093,19.3623,ev_scale_WP0093_20250314
2025-03-21,WP0093,19.5681,ev_scale_WP0093_20250321
2025-03-28,WP0093,19.6416,ev_scale_WP0093_20250328
2025-04-04,WP0093,19.5875,ev_scale_WP0093_20250404
2025-01-31,WP0094,7.3276,ev_scale_WP0094_20250131
2025-02-07,WP0094,7.2456,ev_scale_WP0094_20250207
2025-02-14,WP0094,7.2711,ev_scale_WP0094_20250214
2025-02-21,WP0094,7.297,ev_scale_WP0094_20250221
2025-02-28,WP0094,7.2959,ev_scale_WP0094_20250228
2025-03-07,WP0094,7.3216,ev_scale_WP0094_20250307
2025-03-14,WP0094,7.5365,ev_scale_WP0094_20250314
2025-03-21,WP0094,7.5734,ev_scale_WP0094_20250321
2025-03-28,WP0094,7.5139,ev_scale_WP0094_20250328
2025-04-04,WP0094,7.3344,ev_scale_WP0094_20250404
2025-01-31,WP0095,10.6461,ev_scale_WP0095_20250131
2025-02-07,WP0095,10.6395,ev_scale_WP0095_20250207
2025-02-14,WP0095,10.6794,ev_scale_WP0095_20250214
2025-02-21,WP0095,10.7469,ev_scale_WP0095_20250221
2025-02-28,WP0095,10.6076,ev_scale_WP0095_20250228
2025-03-07,WP0095,10.4851,ev_scale_WP0095_20250307
2025-03-14,WP0095,10.6281,ev_scale_WP0095_20250314
2025-03-21,WP0095,10.6092,ev_scale_WP0095_20250321
2025-03-28,WP0095,10.6205,ev_scale_WP0095_20250328
2025-04-04,WP0095,10.6819,ev_scale_WP0095_20250404
2025-01-31,WP0096,9.4503,ev_scale_WP0096_20250131
2025-02-07,WP0096,9.3848,ev_scale_WP0096_20250207
2025-02-14,WP0096,9.4298,ev_scale_WP0096_20250214
2025-02-21,WP0096,9.4073,ev_scale_WP0096_20250221
2025-02-28,WP0096,9.3002,ev_scale_WP0096_20250228
2025-03-07,WP0096,9.2186,ev_scale_WP0096_20250307
2025-03-14,WP0096,9.3459,ev_scale_WP0096_20250314
2025-03-21,WP0096,9.2124,ev_scale_WP0096_20250321
2025-03-28,WP0096,9.645,ev_scale_WP0096_20250328
2025-04-04,WP0096,9.7942,ev_scale_WP0096_20250404
